PassengerId,Survived,Pclass,Name,Sex,Age,SibSp,Parch,Ticket,Fare,Cabin,Embarked
1,0,2,"Miss, Passenger_0",female,61.0,0,0,PC16125,24.906,nan,S
2,1,3,"Mrs, Passenger_1",female,20.9,0,2,PC14370,6.2684,B,S
3,0,3,"Mr, Passenger_2",male,40.5,0,0,PC14838,8.2111,nan,S
4,1,3,"Miss, Passenger_3",female,34.0,0,0,PC67429,9.8764,nan,C
5,1,1,"Mr, Passenger_4",male,48.6,2,0,PC13134,70.4344,E,S
6,0,1,"Mr, Passenger_5",male,,1,0,PC53199,88.2492,nan,S
7,1,1,"Miss, Passenger_6",female,30.2,3,0,PC87092,76.7963,nan,S
8,0,3,"Mr, Passenger_7",male,18.8,0,1,PC43822,6.5756,A,S
9,0,3,"Mr, Passenger_8",male,36.4,3,0,PC30113,8.5988,G,S
10,0,3,"Mr, Passenger_9",male,19.9,0,0,PC73594,14.9606,A,Q
11,0,1,"Mr, Passenger_10",male,58.9,0,0,PC12669,70.5808,nan,S
12,0,3,"Mr, Passenger_11",male,31.7,0,3,PC59427,5.0,nan,S
13,0,3,"Mr, Passenger_12",male,24.4,0,0,PC91617,11.3013,nan,S
14,0,1,"Rev, Passenger_13",male,32.4,1,0,PC22938,64.8498,nan,S
15,1,1,"Miss, Passenger_14",female,10.2,0,0,PC15717,24.954,B,Q
16,1,1,"Mrs, Passenger_15",female,15.6,0,0,PC87818,60.7079,nan,S
17,1,2,"Mr, Passenger_16",male,47.1,0,0,PC57659,17.6641,nan,S
18,0,3,"Rev, Passenger_17",male,,0,0,PC74575,8.8406,nan,S
19,0,2,"Master, Passenger_18",male,14.5,0,1,PC89737,31.6908,nan,S
20,0,2,"Mr, Passenger_19",male,37.5,0,0,PC26289,14.3703,A,S
21,0,3,"Mr, Passenger_20",male,46.9,1,1,PC34406,9.2767,nan,S
22,1,1,"Mr, Passenger_21",male,40.1,1,0,PC22873,25.3703,nan,S
23,0,2,"Mr, Passenger_22",male,44.1,0,0,PC92048,21.755,E,S
24,0,2,"Mr, Passenger_23",male,18.7,0,0,PC33461,31.1144,nan,S
25,0,3,"Mr, Passenger_24",male,9.1,0,0,PC30710,10.4206,nan,S
26,0,3,"Mr, Passenger_25",male,51.5,1,0,PC95488,5.0429,nan,S
27,1,1,"Mrs, Passenger_26",female,,0,0,PC23448,41.3245,nan,S
28,0,3,"Miss, Passenger_27",female,26.1,0,0,PC25198,5.872,nan,C
29,0,3,"Mr, Passenger_28",male,49.0,0,0,PC83158,5.7818,E,C
30,1,1,"Miss, Passenger_29",female,,0,4,PC77938,74.0484,nan,S
31,0,3,"Mr, Passenger_30",male,36.3,0,0,PC60799,17.6311,C,S
32,1,1,"Mrs, Passenger_31",female,61.1,1,2,PC44961,90.4868,D,S
33,0,1,"Miss, Passenger_32",female,20.4,0,0,PC53007,120.3841,nan,S
34,0,3,"Mr, Passenger_33",male,,0,0,PC75470,15.4004,nan,C
35,0,3,"Mr, Passenger_34",male,30.5,1,0,PC62256,5.0,nan,S
36,0,3,"Mr, Passenger_35",male,33.6,1,0,PC30739,5.2372,nan,S
37,1,2,"Mr, Passenger_36",male,51.9,0,0,PC94054,30.8336,F,C
38,0,1,"Mr, Passenger_37",male,37.1,0,0,PC68186,93.2846,nan,C
39,0,3,"Mr, Passenger_38",male,37.5,0,2,PC36547,8.8839,nan,S
40,0,2,"Mr, Passenger_39",male,,2,1,PC95823,15.8815,nan,S
41,1,1,"Miss, Passenger_40",female,24.4,0,0,PC61431,42.0421,nan,S
42,0,3,"Mrs, Passenger_41",female,17.5,2,0,PC35476,11.2029,nan,S
43,1,1,"Mr, Passenger_42",male,14.6,1,0,PC88411,97.0756,nan,Q
44,0,3,"Mr, Passenger_43",male,1.2,0,0,PC20686,5.0,nan,C
45,1,2,"Mr, Passenger_44",male,59.5,0,0,PC27536,11.3506,nan,C
46,0,3,"Mr, Passenger_45",male,13.7,0,2,PC44062,9.1207,nan,S
47,1,2,"Mrs, Passenger_46",female,26.5,0,0,PC58216,28.3611,nan,C
48,0,3,"Mr, Passenger_47",male,25.7,0,0,PC35041,8.7265,nan,S
49,0,3,"Mr, Passenger_48",male,34.2,0,0,PC41653,5.2734,nan,S
50,0,1,"Mr, Passenger_49",male,41.5,3,0,PC31673,112.4634,nan,S
51,0,3,"Mr, Passenger_50",male,42.2,0,0,PC20367,13.8264,nan,S
52,1,3,"Mrs, Passenger_51",female,21.2,1,0,PC29629,10.2138,F,C
53,1,3,"Mrs, Passenger_52",female,27.3,0,0,PC98636,8.9815,nan,S
54,0,3,"Mr, Passenger_53",male,33.8,0,0,PC82190,14.0059,nan,S
55,0,3,"Mr, Passenger_54",male,,0,0,PC35063,11.4765,E,S
56,0,3,"Mr, Passenger_55",male,53.0,0,4,PC29322,18.6022,F,S
57,1,1,"Miss, Passenger_56",female,36.8,2,0,PC94546,66.181,nan,S
58,1,1,"Miss, Passenger_57",female,40.4,0,0,PC22693,73.4164,nan,S
59,1,1,"Mr, Passenger_58",male,39.3,0,0,PC19241,512.0,nan,C
60,1,2,"Mr, Passenger_59",male,46.7,0,0,PC39778,14.2332,nan,S
61,1,2,"Miss, Passenger_60",female,32.3,0,0,PC22651,34.8437,F,S
62,0,2,"Mr, Passenger_61",male,10.9,0,1,PC35966,30.2052,nan,S
63,0,3,"Miss, Passenger_62",female,35.5,1,0,PC19275,14.5873,nan,C
64,0,2,"Mr, Passenger_63",male,20.3,1,0,PC55606,28.2689,nan,S
65,1,2,"Mr, Passenger_64",male,22.0,0,0,PC11658,23.0228,nan,S
66,0,3,"Mr, Passenger_65",male,,0,0,PC82468,5.0,nan,S
67,0,1,"Mr, Passenger_66",male,47.7,0,1,PC24248,131.8329,C,S
68,0,3,"Mr, Passenger_67",male,30.0,0,1,PC34437,7.509,nan,S
69,1,1,"Mrs, Passenger_68",female,34.2,0,0,PC49727,60.0135,nan,C
70,0,3,"Mr, Passenger_69",male,,0,1,PC28201,5.0,nan,S
71,0,3,"Mr, Passenger_70",male,33.2,0,0,PC51150,16.2093,nan,S
72,0,1,"Mr, Passenger_71",male,,0,3,PC99891,82.8413,nan,C
73,0,1,"Mr, Passenger_72",male,37.9,0,0,PC24999,27.3438,A,S
74,0,3,"Dr, Passenger_73",male,4.2,0,3,PC16376,5.4792,nan,S
75,0,3,"Master, Passenger_74",male,40.6,0,0,PC61673,5.0,B,S
76,1,3,"Ms, Passenger_75",female,35.2,0,0,PC13476,9.4618,nan,S
77,0,3,"Mr, Passenger_76",male,48.4,1,0,PC79902,22.2656,nan,S
78,0,1,"Mr, Passenger_77",male,39.5,0,3,PC87994,26.813,nan,S
79,0,2,"Mr, Passenger_78",male,27.7,0,1,PC72878,28.4138,nan,C
80,1,1,"Ms, Passenger_79",female,11.9,0,0,PC30615,61.1041,E,Q
81,1,3,"Miss, Passenger_80",female,,1,0,PC21164,10.1355,nan,S
82,0,3,"Miss, Passenger_81",female,17.4,0,0,PC49316,11.5819,nan,S
83,0,2,"Mr, Passenger_82",male,21.3,0,0,PC78560,21.628,nan,S
84,1,1,"Mr, Passenger_83",male,38.2,0,0,PC39559,57.9484,C,C
85,0,2,"Mr, Passenger_84",male,,1,0,PC72968,39.7628,nan,S
86,0,2,"Mr, Passenger_85",male,35.4,2,1,PC76800,14.7563,nan,S
87,0,3,"Mr, Passenger_86",male,12.4,0,0,PC19047,8.682,nan,C
88,0,3,"Mr, Passenger_87",male,36.1,1,1,PC54985,8.7652,nan,S
89,0,3,"Mr, Passenger_88",male,,2,0,PC82123,13.6427,nan,C
90,0,3,"Mr, Passenger_89",male,20.9,2,0,PC16577,5.2962,D,S
91,1,1,"Miss, Passenger_90",female,,0,0,PC93171,224.0387,nan,C
92,0,3,"Mr, Passenger_91",male,29.9,0,0,PC13870,23.4766,nan,C
93,0,3,"Mr, Passenger_92",male,18.3,0,0,PC44094,16.1518,nan,S
94,0,3,"Miss, Passenger_93",female,39.1,1,0,PC65329,17.7181,nan,S
95,0,3,"Mr, Passenger_94",male,27.9,0,0,PC19217,9.1359,nan,S
96,1,3,"Mrs, Passenger_95",female,35.8,0,0,PC93138,10.5962,B,Q
97,0,3,"Mr, Passenger_96",male,16.8,0,0,PC76141,14.8964,E,S
98,1,2,"Mr, Passenger_97",male,23.4,1,0,PC32343,10.8144,C,S
99,1,1,"Mrs, Passenger_98",female,40.2,1,1,PC60822,52.6767,A,S
100,1,1,"Mrs, Passenger_99",female,24.3,0,2,PC23003,36.8736,nan,S
101,1,1,"Mrs, Passenger_100",female,54.7,1,0,PC69538,127.4814,nan,S
102,0,3,"Mr, Passenger_101",male,,0,0,PC42089,7.8582,nan,S
103,0,2,"Mr, Passenger_102",male,33.0,1,0,PC63595,18.82,nan,S
104,0,3,"Mr, Passenger_103",male,,0,2,PC93197,5.0,nan,Q
105,0,3,"Mr, Passenger_104",male,9.1,0,0,PC92318,6.838,nan,S
106,1,2,"Mrs, Passenger_105",female,4.2,1,0,PC40029,26.9854,nan,S
107,0,2,"Mr, Passenger_106",male,7.6,0,0,PC89023,12.7135,A,C
108,1,3,"Mrs, Passenger_107",female,48.0,1,0,PC61324,8.9243,nan,S
109,0,1,"Mr, Passenger_108",male,21.7,0,0,PC61962,46.7972,C,Q
110,0,1,"Mr, Passenger_109",male,66.8,0,1,PC49042,32.5212,nan,S
111,0,2,"Mr, Passenger_110",male,21.5,0,0,PC97601,15.8768,nan,S
112,1,1,"Miss, Passenger_111",female,32.4,0,0,PC86380,71.8815,nan,S
113,0,3,"Miss, Passenger_112",female,,0,0,PC94859,15.4377,nan,S
114,0,3,"Miss, Passenger_113",female,58.8,0,0,PC55957,6.5836,nan,S
115,1,3,"Miss, Passenger_114",female,59.6,0,2,PC92864,7.7762,nan,S
116,0,3,"Mrs, Passenger_115",female,47.2,0,0,PC53739,13.2569,nan,C
117,0,3,"Miss, Passenger_116",female,44.5,3,1,PC48733,6.9331,nan,S
118,0,1,"Mr, Passenger_117",male,38.3,2,0,PC55389,81.7508,nan,S
119,0,3,"Rev, Passenger_118",male,,0,0,PC39715,11.0164,nan,S
120,0,3,"Mr, Passenger_119",male,21.7,1,2,PC49116,13.3644,nan,Q
121,0,3,"Miss, Passenger_120",female,17.8,0,0,PC66922,5.0,nan,S
122,1,3,"Miss, Passenger_121",female,29.7,0,1,PC66251,12.9019,nan,S
123,0,2,"Mr, Passenger_122",male,27.2,1,0,PC71794,24.3428,nan,S
124,1,1,"Miss, Passenger_123",female,23.1,2,1,PC27580,56.9744,nan,S
125,1,1,"Mrs, Passenger_124",female,39.8,0,0,PC10823,34.8079,nan,S
126,0,2,"Mr, Passenger_125",male,43.6,1,0,PC17084,13.2977,nan,Q
127,1,3,"Mr, Passenger_126",male,31.0,0,1,PC87991,17.7561,nan,S
128,1,3,"Mrs, Passenger_127",female,,4,2,PC20607,17.6951,nan,C
129,1,1,"Mr, Passenger_128",male,13.1,0,2,PC92455,89.2183,nan,S
130,1,3,"Mrs, Passenger_129",female,26.9,0,1,PC94930,10.4405,nan,S
131,1,2,"Mr, Passenger_130",male,19.3,0,1,PC86355,19.1866,nan,C
132,1,1,"Mrs, Passenger_131",female,2.6,1,0,PC21969,236.3529,nan,S
133,1,1,"Miss, Passenger_132",female,,0,0,PC73059,95.0412,nan,Q
134,1,2,"Ms, Passenger_133",female,27.9,2,0,PC27333,21.8488,nan,S
135,0,3,"Mr, Passenger_134",male,,0,0,PC87236,11.0498,nan,Q
136,1,2,"Dr, Passenger_135",female,38.8,0,0,PC46668,14.7135,nan,S
137,1,3,"Miss, Passenger_136",female,,0,0,PC21945,5.8887,nan,S
138,0,3,"Mr, Passenger_137",male,56.6,0,0,PC56526,17.2055,nan,S
139,0,2,"Mrs, Passenger_138",female,47.4,0,0,PC57717,14.4911,nan,S
140,0,3,"Mr, Passenger_139",male,38.1,0,0,PC69426,25.1373,B,S
141,0,3,"Mr, Passenger_140",male,26.4,0,0,PC94166,5.0,G,S
142,0,2,"Mr, Passenger_141",male,15.8,0,0,PC98896,16.1357,nan,S
143,0,3,"Mr, Passenger_142",male,24.3,0,1,PC88349,9.1735,nan,S
144,0,2,"Mr, Passenger_143",male,45.5,1,0,PC14601,20.3671,nan,C
145,0,2,"Miss, Passenger_144",female,57.0,1,0,PC22930,14.5723,nan,S
146,0,1,"Mr, Passenger_145",male,52.1,0,0,PC14333,131.6886,C,S
147,1,3,"Mrs, Passenger_146",female,22.6,0,0,PC80935,5.1365,B,S
148,0,3,"Mr, Passenger_147",male,13.5,0,0,PC27839,5.0608,nan,S
149,0,1,"Mr, Passenger_148",male,31.7,0,0,PC61337,22.3953,nan,S
150,0,2,"Mr, Passenger_149",male,4.1,0,0,PC50204,29.439,nan,S
151,1,3,"Mrs, Passenger_150",female,34.4,0,0,PC30195,6.9175,nan,Q
152,0,1,"Mr, Passenger_151",male,,0,0,PC37848,33.9182,A,C
153,1,1,"Mr, Passenger_152",male,,0,2,PC99229,45.7412,C,S
154,1,3,"Miss, Passenger_153",female,6.6,0,2,PC50854,20.1394,nan,S
155,0,3,"Mr, Passenger_154",male,37.1,1,0,PC60998,16.6426,nan,S
156,0,2,"Master, Passenger_155",male,,3,0,PC77390,18.3927,nan,S
157,1,3,"Mr, Passenger_156",male,12.7,0,0,PC41558,5.6622,nan,S
158,1,3,"Miss, Passenger_157",female,0.2,0,0,PC12985,5.0,G,S
159,1,1,"Mr, Passenger_158",male,29.3,1,2,PC71794,39.762,nan,S
160,0,3,"Dr, Passenger_159",female,55.4,2,0,PC53585,13.2394,nan,S
161,0,2,"Mr, Passenger_160",male,,0,1,PC94814,42.8145,nan,S
162,1,3,"Miss, Passenger_161",female,23.1,0,0,PC50264,11.3634,E,C
163,1,3,"Miss, Passenger_162",female,21.0,0,2,PC43326,5.0,nan,S
164,0,3,"Mrs, Passenger_163",female,36.5,0,0,PC94816,13.4501,D,C
165,1,1,"Mr, Passenger_164",male,15.2,0,1,PC69261,89.32,B,Q
166,1,3,"Miss, Passenger_165",female,34.1,0,0,PC44022,9.0801,B,S
167,0,2,"Mr, Passenger_166",male,40.8,0,0,PC25667,18.8514,nan,S
168,0,1,"Rev, Passenger_167",male,47.5,0,0,PC28065,143.2333,nan,S
169,1,1,"Mr, Passenger_168",male,28.2,1,0,PC97191,45.4433,nan,Q
170,0,3,"Mrs, Passenger_169",female,26.7,0,2,PC20006,14.642,nan,Q
171,1,3,"Dr, Passenger_170",female,17.0,0,2,PC81819,11.0176,nan,S
172,1,1,"Miss, Passenger_171",female,,0,1,PC55076,164.6021,nan,S
173,0,3,"Mr, Passenger_172",male,,0,0,PC78861,10.6156,nan,C
174,1,1,"Mr, Passenger_173",male,35.0,3,1,PC60393,28.7947,B,S
175,1,3,"Ms, Passenger_174",female,42.9,0,0,PC13143,5.0,nan,C
176,0,1,"Mr, Passenger_175",male,18.1,0,0,PC67505,50.0558,nan,C
177,0,3,"Mr, Passenger_176",male,51.3,1,0,PC22417,8.9023,nan,S
178,0,2,"Mr, Passenger_177",male,25.8,0,0,PC41300,18.8856,nan,S
179,0,3,"Mr, Passenger_178",male,29.4,1,0,PC38896,12.7239,C,S
180,0,1,"Mr, Passenger_179",male,18.9,0,0,PC60629,38.7406,nan,S
181,0,2,"Mr, Passenger_180",male,0.2,0,0,PC37606,14.1032,A,S
182,0,1,"Mr, Passenger_181",male,,0,1,PC49916,42.574,nan,C
183,0,3,"Mr, Passenger_182",male,40.4,0,0,PC71330,9.5693,nan,Q
184,1,3,"Mrs, Passenger_183",female,25.6,1,0,PC17551,10.1565,nan,Q
185,0,2,"Mr, Passenger_184",male,30.7,1,0,PC66422,22.9885,nan,S
186,0,3,"Mr, Passenger_185",male,37.2,0,0,PC77782,7.447,nan,C
187,1,3,"Miss, Passenger_186",female,7.0,0,0,PC75391,8.1427,nan,C
188,0,3,"Mr, Passenger_187",male,22.0,1,0,PC73411,20.1421,nan,S
189,1,3,"Miss, Passenger_188",female,,2,0,PC83185,5.0,nan,S
190,1,2,"Mrs, Passenger_189",female,11.5,0,0,PC10888,28.5223,nan,S
191,1,1,"Mr, Passenger_190",male,34.0,0,0,PC67135,126.1275,E,Q
192,0,3,"Mr, Passenger_191",male,,0,1,PC39424,5.0,nan,S
193,1,3,"Mrs, Passenger_192",female,,1,0,PC51559,16.2805,nan,S
194,0,3,"Mrs, Passenger_193",female,29.2,0,0,PC21075,13.013,nan,S
195,1,2,"Mr, Passenger_194",male,,0,1,PC32699,19.6006,A,S
196,1,2,"Mr, Passenger_195",male,46.6,1,0,PC57972,14.8869,G,S
197,0,3,"Mr, Passenger_196",male,19.0,0,0,PC19950,25.2777,nan,S
198,0,3,"Miss, Passenger_197",female,18.0,0,1,PC15413,11.9336,nan,S
199,0,3,"Mr, Passenger_198",male,32.6,0,0,PC49305,8.3458,nan,S
200,1,3,"Miss, Passenger_199",female,46.4,0,0,PC13569,10.7131,E,C
201,0,3,"Mrs, Passenger_200",female,15.0,0,0,PC76778,16.806,G,S
202,1,1,"Mr, Passenger_201",male,,0,0,PC40085,57.6236,D,S
203,0,1,"Mr, Passenger_202",male,35.9,0,0,PC86023,53.5777,nan,S
204,0,3,"Mr, Passenger_203",male,39.8,0,0,PC93845,7.7332,nan,S
205,0,3,"Mr, Passenger_204",male,32.3,1,0,PC46163,5.0,B,S
206,1,1,"Mr, Passenger_205",male,24.4,1,0,PC59592,55.695,nan,S
207,1,1,"Mr, Passenger_206",male,17.7,0,0,PC97151,142.2347,nan,C
208,1,3,"Mrs, Passenger_207",female,,0,0,PC67333,9.2676,nan,S
209,0,1,"Mr, Passenger_208",male,14.2,0,0,PC18039,36.7389,F,C
210,0,1,"Dr, Passenger_209",male,0.2,0,0,PC18198,39.2017,nan,Q
211,0,3,"Miss, Passenger_210",female,36.0,0,0,PC44354,20.8751,nan,S
212,0,3,"Miss, Passenger_211",female,,0,2,PC13824,5.0,nan,S
213,1,3,"Mrs, Passenger_212",female,0.2,0,0,PC60420,16.3729,nan,S
214,1,1,"Miss, Passenger_213",female,15.1,0,0,PC99535,37.9562,nan,Q
215,0,3,"Mr, Passenger_214",male,38.7,0,0,PC13436,5.0,nan,Q
216,0,1,"Mr, Passenger_215",male,59.5,1,0,PC50857,42.1114,nan,S
217,1,2,"Mrs, Passenger_216",female,,0,2,PC26057,17.1194,nan,C
218,0,3,"Miss, Passenger_217",female,19.1,0,0,PC11310,5.8198,F,S
219,0,3,"Mr, Passenger_218",male,27.0,0,2,PC85355,5.0,G,Q
220,1,3,"Miss, Passenger_219",female,49.6,1,0,PC88993,8.0848,nan,Q
221,0,3,"Mr, Passenger_220",male,20.3,1,0,PC76013,8.468,E,S
222,0,3,"Mr, Passenger_221",male,,0,0,PC70022,9.5003,nan,S
223,1,1,"Mr, Passenger_222",male,22.7,0,1,PC18906,28.8216,nan,S
224,0,2,"Mr, Passenger_223",male,15.9,0,0,PC19868,11.9194,nan,S
225,0,2,"Mr, Passenger_224",male,31.5,0,0,PC28546,14.0492,nan,C
226,0,2,"Mr, Passenger_225",male,53.3,0,0,PC82855,10.4171,E,S
227,1,3,"Miss, Passenger_226",female,34.4,1,0,PC43149,8.3756,nan,S
228,0,2,"Mr, Passenger_227",male,26.0,0,2,PC77381,12.4452,nan,S
229,0,3,"Mr, Passenger_228",male,25.5,1,0,PC33684,10.7713,nan,Q
230,1,3,"Ms, Passenger_229",female,7.0,0,0,PC39858,5.5309,nan,S
231,0,3,"Miss, Passenger_230",female,42.5,0,0,PC55330,9.7931,nan,S
232,0,3,"Mrs, Passenger_231",female,28.6,1,0,PC69204,17.4099,nan,S
233,1,3,"Miss, Passenger_232",female,27.1,0,2,PC35293,5.616,nan,Q
234,1,3,"Miss, Passenger_233",female,,0,0,PC66869,15.3425,nan,C
235,0,1,"Mr, Passenger_234",male,34.0,0,0,PC14629,153.7484,nan,S
236,0,3,"Mr, Passenger_235",male,18.8,0,1,PC15704,21.6845,nan,S
237,0,2,"Mr, Passenger_236",male,23.5,4,0,PC11776,11.3543,nan,S
238,1,1,"Mr, Passenger_237",male,46.4,0,0,PC67255,46.5826,D,S
239,0,3,"Mr, Passenger_238",male,31.3,4,0,PC58281,12.7256,A,S
240,1,1,"Mrs, Passenger_239",female,8.8,3,0,PC41236,52.2986,A,Q
241,0,3,"Mr, Passenger_240",male,43.0,1,0,PC76780,5.9256,nan,S
242,0,3,"Mr, Passenger_241",male,20.0,0,2,PC11333,7.107,nan,C
243,0,3,"Mr, Passenger_242",male,56.9,0,0,PC79205,8.826,G,S
244,0,2,"Mrs, Passenger_243",female,45.4,1,0,PC93120,7.4251,nan,S
245,1,1,"Mr, Passenger_244",male,23.2,0,2,PC60946,45.018,nan,C
246,1,3,"Ms, Passenger_245",female,48.3,0,0,PC65333,9.1298,nan,S
247,0,2,"Mr, Passenger_246",male,30.7,0,0,PC37277,15.6026,nan,S
248,0,3,"Mr, Passenger_247",male,42.1,0,0,PC60606,9.9416,E,S
249,0,3,"Mr, Passenger_248",male,36.7,0,2,PC11933,17.3733,nan,S
250,0,3,"Mrs, Passenger_249",female,17.4,0,0,PC43514,8.6957,nan,S
251,0,2,"Mr, Passenger_250",male,20.4,0,1,PC99893,18.4191,nan,S
252,0,2,"Miss, Passenger_251",female,,1,1,PC72958,13.795,nan,Q
253,0,3,"Mr, Passenger_252",male,24.8,0,0,PC16827,9.4845,nan,S
254,0,2,"Mr, Passenger_253",male,23.8,2,0,PC40844,29.1243,nan,C
255,1,1,"Miss, Passenger_254",female,15.9,1,1,PC10792,150.4426,nan,S
256,0,3,"Mrs, Passenger_255",female,,1,0,PC49695,6.5126,nan,C
257,1,3,"Miss, Passenger_256",female,59.6,0,1,PC93187,6.6486,nan,S
258,0,3,"Mrs, Passenger_257",female,14.2,1,2,PC52510,6.931,nan,C
259,0,3,"Mrs, Passenger_258",female,,0,0,PC49137,17.7526,nan,S
260,1,1,"Miss, Passenger_259",female,50.2,1,0,PC94610,18.8228,nan,S
261,0,3,"Mrs, Passenger_260",female,28.5,0,1,PC83410,10.9989,nan,S
262,0,3,"Mrs, Passenger_261",female,,1,1,PC92212,9.181,C,S
263,1,1,"Miss, Passenger_262",female,14.3,4,0,PC49632,72.2311,E,S
264,0,3,"Mr, Passenger_263",male,35.9,0,0,PC46790,10.5367,nan,S
265,1,3,"Miss, Passenger_264",female,27.0,0,0,PC93568,11.4487,nan,S
266,0,3,"Mr, Passenger_265",male,44.0,1,0,PC40885,12.1195,nan,C
267,1,3,"Ms, Passenger_266",female,,0,0,PC75214,5.0,nan,S
268,1,3,"Mrs, Passenger_267",female,,1,0,PC86544,17.8713,nan,S
269,1,2,"Mr, Passenger_268",male,,0,0,PC54870,13.4452,E,C
270,1,2,"Mrs, Passenger_269",female,,0,0,PC58110,17.5923,nan,S
271,0,3,"Mr, Passenger_270",male,32.5,3,0,PC15171,13.0728,B,S
272,0,3,"Mr, Passenger_271",male,24.6,0,0,PC19589,5.822,nan,S
273,1,3,"Miss, Passenger_272",female,34.6,1,0,PC28077,12.5564,nan,Q
274,0,3,"Dr, Passenger_273",male,25.4,0,0,PC74874,7.4428,nan,C
275,0,3,"Mrs, Passenger_274",female,,0,0,PC82246,5.0,nan,C
276,1,3,"Miss, Passenger_275",female,48.8,0,0,PC95772,16.1815,nan,S
277,0,3,"Mr, Passenger_276",male,15.1,0,0,PC48227,6.1256,nan,C
278,0,3,"Mr, Passenger_277",male,46.2,1,0,PC24937,5.887,nan,S
279,0,3,"Mr, Passenger_278",male,48.8,0,2,PC19754,7.3777,nan,S
280,0,3,"Mr, Passenger_279",male,28.0,0,0,PC35688,10.341,nan,S
281,1,3,"Mrs, Passenger_280",female,0.2,0,2,PC17048,8.7702,nan,S
282,0,2,"Mr, Passenger_281",male,20.9,1,0,PC32568,27.0241,nan,S
283,0,2,"Mr, Passenger_282",male,48.5,0,0,PC85019,19.3601,nan,S
284,0,1,"Mr, Passenger_283",male,29.4,1,2,PC27545,35.2992,nan,S
285,0,3,"Mr, Passenger_284",male,15.2,0,0,PC92949,8.5165,nan,S
286,1,1,"Mrs, Passenger_285",female,22.4,0,0,PC55217,120.2542,nan,S
287,0,3,"Mr, Passenger_286",male,41.9,1,0,PC58122,8.5258,nan,S
288,1,3,"Mrs, Passenger_287",female,37.6,0,0,PC43746,15.5275,nan,C
289,0,2,"Mr, Passenger_288",male,26.2,0,0,PC18709,12.3829,nan,S
290,1,3,"Mrs, Passenger_289",female,24.4,0,0,PC35358,7.0864,nan,C
291,0,1,"Mr, Passenger_290",male,24.0,0,0,PC21023,14.5185,F,S
292,1,1,"Mr, Passenger_291",male,16.3,1,0,PC38756,40.8706,nan,S
293,1,3,"Miss, Passenger_292",female,,0,2,PC73175,12.2047,nan,S
294,0,2,"Mr, Passenger_293",male,25.0,1,0,PC64281,30.1918,D,S
295,1,1,"Miss, Passenger_294",female,47.3,0,0,PC59289,74.0351,nan,C
296,0,3,"Miss, Passenger_295",female,51.8,0,1,PC68097,16.3387,A,S
297,0,3,"Mr, Passenger_296",male,,2,0,PC86681,5.5712,nan,S
298,0,1,"Mr, Passenger_297",male,23.4,0,0,PC96728,78.8651,nan,C
299,0,3,"Miss, Passenger_298",female,35.6,0,0,PC57259,6.283,B,S
300,0,1,"Mr, Passenger_299",male,29.3,0,0,PC28839,17.7266,nan,S
301,0,1,"Mr, Passenger_300",male,16.6,0,0,PC37410,82.9339,nan,S
302,0,3,"Mr, Passenger_301",male,34.4,0,1,PC21447,12.9992,nan,S
303,0,3,"Mr, Passenger_302",male,12.6,0,2,PC96569,5.6661,nan,S
304,0,3,"Mr, Passenger_303",male,46.9,0,0,PC85665,9.2213,nan,S
305,1,3,"Miss, Passenger_304",female,,0,0,PC23907,12.7232,nan,Q
306,1,3,"Miss, Passenger_305",female,32.6,0,0,PC31637,5.0,nan,S
307,0,3,"Mrs, Passenger_306",female,,0,0,PC48196,26.0708,nan,S
308,0,2,"Mrs, Passenger_307",female,25.9,0,2,PC32369,12.761,nan,S
309,0,3,"Mr, Passenger_308",male,38.2,0,0,PC12589,5.0,nan,Q
310,1,2,"Mrs, Passenger_309",female,,2,0,PC33560,15.8899,nan,C
311,0,2,"Mr, Passenger_310",male,,0,1,PC13034,18.3818,F,S
312,0,1,"Mr, Passenger_311",male,,1,0,PC10169,46.1284,nan,S
313,0,1,"Mr, Passenger_312",male,31.5,0,0,PC13239,46.2239,nan,S
314,0,3,"Mr, Passenger_313",male,57.8,0,0,PC13415,13.1146,A,S
315,0,3,"Mrs, Passenger_314",female,15.2,0,1,PC95488,10.4744,D,S
316,1,3,"Mrs, Passenger_315",female,,0,0,PC86944,11.3031,nan,S
317,0,2,"Mr, Passenger_316",male,,0,1,PC13484,14.5238,E,S
318,0,1,"Mr, Passenger_317",male,,0,0,PC63987,51.0233,nan,Q
319,1,1,"Mrs, Passenger_318",female,,0,1,PC28225,16.7237,E,S
320,0,2,"Mr, Passenger_319",male,36.8,2,1,PC90459,20.3181,nan,Q
321,0,3,"Mr, Passenger_320",male,38.9,0,0,PC71104,9.3233,nan,S
322,0,3,"Mr, Passenger_321",male,45.8,0,0,PC30936,13.5534,nan,S
323,1,3,"Miss, Passenger_322",female,,1,0,PC49612,5.9184,E,S
324,1,2,"Mrs, Passenger_323",female,26.2,0,0,PC94946,25.6139,nan,S
325,0,3,"Mr, Passenger_324",male,39.5,0,0,PC49952,9.7612,nan,S
326,0,3,"Mr, Passenger_325",male,57.2,1,0,PC68945,10.3876,nan,S
327,0,3,"Miss, Passenger_326",female,27.8,1,0,PC97399,19.0069,G,S
328,1,3,"Mrs, Passenger_327",female,,1,0,PC15380,5.0,F,S
329,0,2,"Mr, Passenger_328",male,45.8,0,0,PC60298,29.4567,nan,C
330,0,2,"Miss, Passenger_329",female,28.0,0,0,PC96246,19.251,nan,S
331,0,2,"Mr, Passenger_330",male,0.2,2,0,PC90821,32.8964,nan,S
332,1,3,"Mr, Passenger_331",male,42.0,0,1,PC37260,5.0,nan,S
333,1,1,"Mrs, Passenger_332",female,21.9,0,0,PC42879,43.2913,B,Q
334,1,1,"Mr, Passenger_333",male,28.4,0,0,PC26143,71.8758,nan,S
335,1,1,"Mr, Passenger_334",male,34.5,0,2,PC59744,52.3733,nan,S
336,1,1,"Mr, Passenger_335",male,32.5,0,0,PC82949,107.9376,nan,S
337,0,3,"Mr, Passenger_336",male,40.0,0,2,PC41578,19.6406,nan,S
338,1,3,"Miss, Passenger_337",female,23.4,0,0,PC90262,5.1693,nan,Q
339,0,3,"Mr, Passenger_338",male,37.1,0,0,PC67331,5.0,nan,S
340,1,1,"Miss, Passenger_339",female,,1,0,PC73815,84.7137,nan,S
341,0,3,"Mr, Passenger_340",male,40.4,0,0,PC81519,5.0,nan,S
342,0,3,"Mr, Passenger_341",male,38.6,0,0,PC29178,8.1493,nan,S
343,0,1,"Mr, Passenger_342",male,16.1,0,0,PC85857,42.8086,nan,Q
344,1,2,"Mrs, Passenger_343",female,45.4,0,0,PC70197,17.8959,nan,S
345,0,2,"Mr, Passenger_344",male,21.9,0,0,PC46366,19.1859,nan,S
346,1,3,"Mrs, Passenger_345",female,,0,0,PC62955,8.7697,nan,S
347,0,3,"Mr, Passenger_346",male,35.0,1,0,PC51911,8.7987,nan,S
348,1,1,"Mrs, Passenger_347",female,,2,0,PC93422,25.9237,nan,C
349,0,2,"Mr, Passenger_348",male,26.5,0,0,PC63619,21.2342,nan,S
350,0,3,"Miss, Passenger_349",female,,0,2,PC54296,5.3679,nan,S
351,0,3,"Miss, Passenger_350",female,29.4,0,0,PC32791,20.9843,nan,C
352,1,3,"Mrs, Passenger_351",female,25.3,1,2,PC18301,10.2017,nan,S
353,0,3,"Mrs, Passenger_352",female,41.3,1,1,PC45779,12.9798,nan,S
354,1,1,"Mrs, Passenger_353",female,6.3,0,0,PC46894,219.9091,nan,S
355,0,1,"Mr, Passenger_354",male,14.4,0,0,PC89618,30.7018,F,Q
356,0,3,"Mr, Passenger_355",male,14.2,1,0,PC59250,7.9365,C,S
357,0,1,"Mr, Passenger_356",male,43.5,0,0,PC80994,177.6189,nan,C
358,1,3,"Mrs, Passenger_357",female,,0,0,PC51770,5.6601,nan,S
359,0,3,"Mr, Passenger_358",male,28.2,0,0,PC32300,5.4824,nan,S
360,1,3,"Mrs, Passenger_359",female,,0,0,PC78235,12.7318,nan,S
361,1,2,"Mr, Passenger_360",male,30.7,1,0,PC39485,61.0678,nan,S
362,0,3,"Mr, Passenger_361",male,46.5,2,0,PC50285,5.889,C,S
363,1,3,"Mr, Passenger_362",male,16.3,0,0,PC76555,6.5431,nan,S
364,0,3,"Miss, Passenger_363",female,33.2,0,1,PC42471,12.8004,E,S
365,0,3,"Mr, Passenger_364",male,43.8,0,0,PC58671,6.5895,nan,C
366,0,2,"Mr, Passenger_365",male,,0,0,PC30270,18.2815,nan,Q
367,0,3,"Mr, Passenger_366",male,32.4,0,0,PC98151,9.0931,nan,S
368,0,3,"Mr, Passenger_367",male,44.2,0,0,PC23698,5.0,nan,S
369,1,1,"Mr, Passenger_368",male,0.2,0,0,PC82265,79.4075,nan,S
370,0,1,"Mr, Passenger_369",male,39.5,0,0,PC49729,53.055,nan,S
371,1,1,"Miss, Passenger_370",female,20.2,0,0,PC21171,72.7717,nan,C
372,0,1,"Mr, Passenger_371",male,3.2,0,0,PC89483,192.6377,nan,S
373,1,1,"Mr, Passenger_372",male,37.1,0,2,PC70684,87.1137,nan,S
374,0,3,"Mr, Passenger_373",male,49.6,0,2,PC65165,12.9304,nan,C
375,1,1,"Mr, Passenger_374",male,27.7,4,0,PC59948,46.9866,F,S
376,0,2,"Mr, Passenger_375",male,,0,0,PC44725,41.0561,nan,S
377,0,3,"Mr, Passenger_376",male,53.1,0,0,PC29450,12.4839,nan,S
378,0,1,"Mr, Passenger_377",male,48.8,1,0,PC23300,58.656,nan,S
379,0,3,"Mr, Passenger_378",male,53.5,5,0,PC94600,30.7591,B,S
380,1,2,"Miss, Passenger_379",female,,0,0,PC14441,16.9332,nan,C
381,1,1,"Miss, Passenger_380",female,30.8,1,2,PC29332,143.9244,nan,C
382,1,3,"Mrs, Passenger_381",female,6.5,0,0,PC30115,10.9495,nan,S
383,0,3,"Mr, Passenger_382",male,26.1,0,0,PC97404,17.808,C,Q
384,0,3,"Mr, Passenger_383",male,17.5,0,0,PC51997,8.3849,C,S
385,0,3,"Mr, Passenger_384",male,,0,0,PC96151,6.4993,nan,C
386,1,3,"Mr, Passenger_385",male,27.1,1,0,PC23615,13.9712,nan,S
387,1,2,"Mrs, Passenger_386",female,31.5,0,2,PC24732,23.1748,nan,C
388,0,1,"Mr, Passenger_387",male,37.7,0,0,PC35367,73.2528,nan,C
389,0,3,"Mr, Passenger_388",male,30.3,0,0,PC52738,5.9469,nan,S
390,0,3,"Mr, Passenger_389",male,,0,0,PC10981,5.0,nan,Q
391,1,3,"Dr, Passenger_390",female,20.7,0,0,PC72881,10.1561,C,C
392,1,2,"Mr, Passenger_391",male,,1,0,PC68609,11.2981,nan,C
393,1,2,"Mr, Passenger_392",male,18.9,1,0,PC97090,16.3452,nan,S
394,0,3,"Mr, Passenger_393",male,10.6,1,0,PC91666,18.5082,nan,C
395,1,2,"Mr, Passenger_394",male,20.8,1,1,PC94351,23.9455,nan,C
396,0,3,"Mr, Passenger_395",male,29.2,0,0,PC18566,5.3263,A,S
397,0,3,"Mr, Passenger_396",male,23.5,1,0,PC81885,8.7267,nan,Q
398,0,2,"Mr, Passenger_397",male,19.7,0,0,PC20728,11.3715,nan,S
399,0,3,"Mr, Passenger_398",male,9.3,0,1,PC93911,13.2631,nan,S
400,0,3,"Mr, Passenger_399",male,28.5,0,0,PC97350,6.1259,nan,S
401,0,1,"Mr, Passenger_400",male,7.9,0,0,PC46214,204.3082,C,S
402,0,3,"Mr, Passenger_401",male,,0,0,PC67935,24.1301,nan,S
403,0,3,"Dr, Passenger_402",female,30.9,0,0,PC97081,8.8501,A,S
404,1,3,"Mrs, Passenger_403",female,8.6,1,0,PC55588,16.8585,nan,Q
405,0,2,"Mr, Passenger_404",male,25.2,0,1,PC28953,13.9975,E,S
406,0,3,"Mr, Passenger_405",male,18.8,0,0,PC78408,15.45,nan,S
407,0,2,"Mr, Passenger_406",male,34.3,2,0,PC84904,21.0465,B,S
408,0,1,"Mr, Passenger_407",male,,0,0,PC44103,31.9492,nan,S
409,1,3,"Miss, Passenger_408",female,2.5,0,1,PC80949,8.9551,nan,Q
410,0,1,"Mr, Passenger_409",male,31.4,0,0,PC59264,56.8847,nan,S
411,0,2,"Mrs, Passenger_410",female,27.4,0,0,PC30156,22.9208,nan,C
412,0,3,"Mr, Passenger_411",male,,0,0,PC23423,6.5998,nan,S
413,0,3,"Mr, Passenger_412",male,32.8,0,0,PC48062,5.5338,nan,S
414,0,3,"Miss, Passenger_413",female,18.8,0,0,PC52805,9.5938,C,S
415,1,3,"Mrs, Passenger_414",female,25.1,0,0,PC11987,7.3193,nan,S
416,1,2,"Miss, Passenger_415",female,,0,0,PC72979,34.2877,D,S
417,1,2,"Miss, Passenger_416",female,45.3,0,0,PC47597,19.4354,B,S
418,0,2,"Mr, Passenger_417",male,30.0,0,0,PC93905,22.7049,nan,S
419,0,3,"Miss, Passenger_418",female,57.3,1,0,PC37868,15.8117,nan,C
420,0,3,"Dr, Passenger_419",male,28.8,0,0,PC86970,6.485,nan,S
421,0,3,"Mrs, Passenger_420",female,19.4,0,1,PC73805,6.9764,nan,S
422,0,3,"Mr, Passenger_421",male,7.8,1,2,PC90084,7.1825,nan,S
423,1,1,"Mrs, Passenger_422",female,,0,2,PC26636,41.9686,B,S
424,0,3,"Mr, Passenger_423",male,6.7,0,1,PC67467,11.3376,nan,C
425,0,1,"Mr, Passenger_424",male,33.6,0,0,PC27007,43.3724,nan,S
426,0,3,"Mr, Passenger_425",male,37.1,1,0,PC86864,15.0416,nan,S
427,0,2,"Mrs, Passenger_426",female,,1,0,PC13389,12.0161,D,Q
428,0,3,"Mr, Passenger_427",male,,0,0,PC19458,5.3383,nan,S
429,1,2,"Mr, Passenger_428",male,22.7,1,0,PC78481,24.4487,nan,S
430,1,1,"Mr, Passenger_429",male,31.8,0,0,PC84888,58.8225,nan,S
431,0,1,"Mr, Passenger_430",male,53.1,0,0,PC86022,61.744,nan,S
432,0,3,"Miss, Passenger_431",female,42.7,0,0,PC51400,10.0942,F,C
433,0,3,"Mr, Passenger_432",male,25.8,0,0,PC77628,5.0,C,C
434,1,1,"Miss, Passenger_433",female,16.8,1,2,PC61857,167.4786,nan,Q
435,0,1,"Dr, Passenger_434",male,0.2,0,0,PC74367,77.2732,nan,S
436,0,3,"Mr, Passenger_435",male,19.3,0,0,PC46527,5.674,nan,S
437,1,1,"Mrs, Passenger_436",female,26.6,1,2,PC80648,383.9953,nan,C
438,1,3,"Mrs, Passenger_437",female,,0,0,PC26937,10.7797,nan,S
439,0,3,"Mr, Passenger_438",male,27.8,0,0,PC47672,5.0,nan,S
440,0,1,"Master, Passenger_439",male,30.8,0,0,PC11112,28.143,nan,S
441,1,1,"Miss, Passenger_440",female,26.4,1,0,PC45545,129.8946,D,S
442,0,3,"Mr, Passenger_441",male,20.3,1,1,PC99017,7.1869,nan,S
443,0,2,"Mrs, Passenger_442",female,32.1,0,0,PC58355,11.1047,D,C
444,1,2,"Miss, Passenger_443",female,36.1,0,0,PC85561,11.7542,nan,C
445,0,3,"Mrs, Passenger_444",female,13.9,0,0,PC44082,12.8558,nan,S
446,0,3,"Mr, Passenger_445",male,50.2,1,0,PC70482,16.2668,D,S
447,0,3,"Miss, Passenger_446",female,28.3,0,2,PC89098,11.0681,nan,S
448,0,3,"Mr, Passenger_447",male,30.0,0,0,PC21304,5.0,nan,C
449,0,2,"Mr, Passenger_448",male,,2,0,PC66625,24.585,nan,S
450,0,1,"Mr, Passenger_449",male,,0,0,PC82551,47.2584,nan,S
451,0,3,"Mr, Passenger_450",male,43.5,0,0,PC54885,12.9649,D,S
452,0,3,"Mrs, Passenger_451",female,33.9,0,2,PC81246,29.5075,E,S
453,1,2,"Mrs, Passenger_452",female,20.8,3,0,PC22588,11.5497,nan,S
454,0,3,"Miss, Passenger_453",female,34.9,0,0,PC30967,10.1848,nan,C
455,1,1,"Mr, Passenger_454",male,13.1,0,0,PC97440,104.2794,nan,S
456,0,3,"Mr, Passenger_455",male,31.3,0,1,PC34256,8.8614,nan,S
457,0,1,"Mr, Passenger_456",male,29.2,0,0,PC68348,24.1516,nan,S
458,1,3,"Mrs, Passenger_457",female,26.7,0,1,PC35052,9.1068,nan,S
459,0,1,"Mr, Passenger_458",male,27.8,0,0,PC90972,138.9626,nan,C
460,1,1,"Miss, Passenger_459",female,2.4,5,2,PC97351,65.3363,nan,S
461,1,1,"Mr, Passenger_460",male,21.7,0,0,PC68479,114.7299,nan,C
462,0,3,"Mr, Passenger_461",male,31.0,0,0,PC90732,13.8156,nan,S
463,1,3,"Miss, Passenger_462",female,,0,0,PC70200,5.7268,nan,S
464,0,3,"Mr, Passenger_463",male,14.8,0,0,PC93625,7.2019,E,S
465,1,3,"Miss, Passenger_464",female,48.1,1,2,PC93140,5.4251,C,S
466,1,2,"Mrs, Passenger_465",female,17.1,0,0,PC12506,13.4407,nan,S
467,0,2,"Mr, Passenger_466",male,43.8,0,0,PC30709,12.5185,nan,C
468,0,3,"Mr, Passenger_467",male,35.9,0,0,PC68535,5.7533,G,S
469,1,1,"Master, Passenger_468",male,20.3,0,0,PC54840,108.2164,D,S
470,0,3,"Miss, Passenger_469",female,55.4,0,0,PC70587,5.7102,A,C
471,0,1,"Mr, Passenger_470",male,12.4,0,0,PC69321,33.1569,nan,Q
472,0,3,"Mr, Passenger_471",male,,1,0,PC53202,7.0186,G,S
473,1,1,"Mr, Passenger_472",male,,2,0,PC66588,45.9171,nan,Q
474,0,3,"Miss, Passenger_473",female,20.0,0,0,PC13090,17.3845,nan,S
475,0,3,"Mr, Passenger_474",male,49.9,2,0,PC69231,13.902,G,S
476,1,3,"Miss, Passenger_475",female,26.1,0,0,PC31552,10.5178,nan,C
477,1,1,"Mrs, Passenger_476",female,,0,0,PC90227,16.9431,C,S
478,0,3,"Mr, Passenger_477",male,33.5,0,3,PC43741,5.0,nan,S
479,0,3,"Mr, Passenger_478",male,,0,0,PC31661,23.8495,F,S
480,0,3,"Mrs, Passenger_479",female,41.5,0,0,PC51025,6.1729,nan,C
481,0,3,"Mr, Passenger_480",male,41.2,0,0,PC16092,12.5764,C,C
482,1,3,"Miss, Passenger_481",female,4.3,0,1,PC45674,15.3296,nan,S
483,0,3,"Mr, Passenger_482",male,,0,0,PC10570,6.8371,nan,S
484,0,3,"Mr, Passenger_483",male,5.6,0,0,PC22084,15.1652,nan,S
485,0,3,"Miss, Passenger_484",female,44.7,1,0,PC75843,13.225,nan,S
486,0,3,"Mr, Passenger_485",male,46.0,0,0,PC70752,21.4127,nan,S
487,0,1,"Mr, Passenger_486",male,13.9,0,0,PC79278,40.1742,nan,C
488,0,2,"Mr, Passenger_487",male,23.7,0,1,PC10765,13.9545,nan,S
489,0,3,"Mr, Passenger_488",male,13.7,0,1,PC34198,7.0094,nan,S
490,0,3,"Mr, Passenger_489",male,26.6,1,0,PC71201,10.0184,nan,S
491,0,3,"Mr, Passenger_490",male,25.2,0,0,PC83271,9.2916,G,S
492,0,3,"Miss, Passenger_491",female,41.0,0,2,PC91738,7.4133,nan,Q
493,0,2,"Mr, Passenger_492",male,48.7,1,0,PC57199,14.0917,nan,S
494,1,1,"Miss, Passenger_493",female,49.9,0,1,PC21377,39.3422,nan,S
495,0,3,"Mr, Passenger_494",male,,0,0,PC89833,24.1956,nan,S
496,1,2,"Miss, Passenger_495",female,,0,2,PC18036,54.5639,nan,S
497,0,3,"Mr, Passenger_496",male,5.3,1,0,PC50364,12.2383,nan,S
498,1,1,"Miss, Passenger_497",female,18.0,0,2,PC99905,88.8196,B,S
499,0,3,"Mr, Passenger_498",male,43.7,0,0,PC47443,11.0069,nan,S
500,0,3,"Mr, Passenger_499",male,53.1,0,0,PC11663,14.3799,nan,S
501,0,3,"Mr, Passenger_500",male,11.8,0,2,PC49244,10.9977,nan,S
502,0,3,"Mr, Passenger_501",male,21.1,0,0,PC68391,7.7188,nan,S
503,0,2,"Mr, Passenger_502",male,29.3,0,0,PC87564,29.4648,nan,Q
504,0,3,"Mr, Passenger_503",male,,0,0,PC95359,7.9686,F,S
505,1,3,"Mrs, Passenger_504",female,18.0,2,1,PC25077,10.5599,nan,S
506,1,1,"Mr, Passenger_505",male,,1,2,PC67849,89.401,nan,S
507,0,3,"Mr, Passenger_506",male,,0,0,PC29631,10.561,nan,S
508,0,3,"Mr, Passenger_507",male,29.5,1,1,PC62652,11.2411,G,C
509,1,3,"Mrs, Passenger_508",female,37.6,0,0,PC77446,13.689,nan,S
510,0,3,"Mr, Passenger_509",male,29.8,0,0,PC43500,17.1397,nan,S
511,0,3,"Master, Passenger_510",male,23.4,0,0,PC29897,9.384,nan,S
512,0,2,"Mr, Passenger_511",male,28.1,1,0,PC68915,12.3782,nan,S
513,0,3,"Miss, Passenger_512",female,28.4,1,0,PC47377,7.5947,D,C
514,1,3,"Mrs, Passenger_513",female,,0,3,PC86670,9.2261,nan,S
515,0,1,"Mr, Passenger_514",male,25.9,2,0,PC36897,71.1799,nan,S
516,1,1,"Miss, Passenger_515",female,52.9,0,0,PC57280,46.633,E,S
517,1,2,"Ms, Passenger_516",female,37.8,1,2,PC67320,33.3625,nan,C
518,0,3,"Mr, Passenger_517",male,,3,0,PC82592,10.9209,nan,S
519,0,3,"Mrs, Passenger_518",female,39.8,0,1,PC78289,17.8636,nan,C
520,0,1,"Mr, Passenger_519",male,24.9,1,0,PC41941,87.6416,nan,S
521,0,3,"Mr, Passenger_520",male,46.7,0,1,PC24234,12.0254,nan,C
522,0,2,"Mr, Passenger_521",male,35.1,0,0,PC85172,28.5859,D,S
523,0,3,"Mr, Passenger_522",male,28.1,0,2,PC13376,8.2314,nan,C
524,0,3,"Mr, Passenger_523",male,36.2,0,0,PC40783,6.1343,nan,S
525,1,3,"Miss, Passenger_524",female,6.9,2,0,PC51249,20.7553,D,C
526,0,3,"Dr, Passenger_525",male,13.4,0,0,PC53025,7.4801,nan,S
527,0,2,"Mr, Passenger_526",male,12.4,0,0,PC26447,39.5252,nan,S
528,0,2,"Mr, Passenger_527",male,31.8,1,0,PC95865,21.2792,nan,S
529,1,1,"Mrs, Passenger_528",female,54.8,2,0,PC26713,129.8961,B,S
530,0,3,"Mr, Passenger_529",male,62.1,0,0,PC14858,15.2733,D,S
531,0,3,"Mr, Passenger_530",male,39.0,3,0,PC61115,9.4756,A,Q
532,0,3,"Mr, Passenger_531",male,37.0,0,0,PC95008,8.0569,G,Q
533,0,3,"Mr, Passenger_532",male,3.6,1,0,PC69834,11.0232,nan,S
534,1,3,"Miss, Passenger_533",female,21.8,0,0,PC92060,28.3434,nan,Q
535,0,3,"Mrs, Passenger_534",female,18.3,0,0,PC14539,5.0,F,S
536,0,3,"Dr, Passenger_535",male,20.7,0,0,PC73983,13.3433,nan,S
537,1,3,"Miss, Passenger_536",female,27.3,0,0,PC28857,5.7213,nan,S
538,0,2,"Mr, Passenger_537",male,22.9,0,0,PC15364,19.7562,nan,S
539,0,3,"Mrs, Passenger_538",female,1.0,0,0,PC75985,7.973,nan,Q
540,1,1,"Mr, Passenger_539",male,40.5,0,1,PC69169,52.5712,A,S
541,0,3,"Mr, Passenger_540",male,14.1,1,0,PC96366,8.9779,nan,S
542,0,3,"Mr, Passenger_541",male,33.2,0,0,PC31078,5.1188,nan,S
543,1,1,"Miss, Passenger_542",female,59.8,0,0,PC47574,45.0745,E,S
544,0,3,"Mr, Passenger_543",male,,0,0,PC10869,5.0,nan,S
545,0,3,"Mr, Passenger_544",male,0.2,0,0,PC72624,11.8211,nan,Q
546,0,2,"Mr, Passenger_545",male,25.6,1,0,PC50075,27.8858,nan,C
547,1,1,"Miss, Passenger_546",female,45.7,1,0,PC13659,19.6866,F,C
548,0,3,"Mr, Passenger_547",male,58.1,0,0,PC46370,9.9861,E,S
549,0,3,"Mrs, Passenger_548",female,11.9,0,0,PC68185,5.0,D,S
550,0,3,"Miss, Passenger_549",female,,1,0,PC89921,9.206,nan,S
551,0,3,"Mr, Passenger_550",male,23.0,0,0,PC53751,5.0,nan,S
552,1,3,"Miss, Passenger_551",female,28.2,1,0,PC72758,11.3661,F,S
553,0,3,"Mr, Passenger_552",male,68.0,0,2,PC94873,5.6849,D,C
554,0,3,"Miss, Passenger_553",female,7.9,1,0,PC15131,7.203,nan,S
555,1,3,"Mr, Passenger_554",male,33.4,0,0,PC11358,10.4539,nan,S
556,1,2,"Mrs, Passenger_555",female,,0,2,PC67371,17.3271,C,S
557,1,1,"Mrs, Passenger_556",female,45.4,2,0,PC92307,37.9375,F,S
558,1,1,"Mrs, Passenger_557",female,31.1,0,0,PC89139,135.2591,C,S
559,0,3,"Miss, Passenger_558",female,,0,1,PC26246,12.372,B,Q
560,0,3,"Mr, Passenger_559",male,24.0,0,1,PC27216,21.8119,nan,S
561,0,3,"Mr, Passenger_560",male,33.6,0,0,PC51209,36.4559,nan,C
562,1,1,"Miss, Passenger_561",female,24.7,0,0,PC52987,64.1777,nan,S
563,1,1,"Mr, Passenger_562",male,38.7,0,0,PC30577,34.9637,nan,S
564,1,1,"Mr, Passenger_563",male,,0,2,PC52320,67.0309,nan,S
565,1,2,"Mrs, Passenger_564",female,,0,0,PC21301,17.9538,nan,C
566,0,3,"Miss, Passenger_565",female,29.3,1,0,PC85051,13.3047,nan,C
567,0,2,"Mrs, Passenger_566",female,46.0,0,1,PC10891,19.2352,nan,S
568,0,2,"Mr, Passenger_567",male,29.0,0,0,PC31972,31.3383,nan,S
569,1,3,"Miss, Passenger_568",female,4.0,0,0,PC60457,7.9467,nan,S
570,0,2,"Mr, Passenger_569",male,48.0,0,0,PC64435,35.1915,nan,S
571,0,3,"Mrs, Passenger_570",female,16.6,0,0,PC30932,11.4463,nan,Q
572,0,3,"Mr, Passenger_571",male,20.2,0,1,PC14192,5.3033,nan,S
573,1,2,"Mrs, Passenger_572",female,21.1,0,0,PC26128,18.591,A,S
574,1,3,"Mrs, Passenger_573",female,49.6,0,1,PC32836,5.3228,nan,S
575,0,3,"Mr, Passenger_574",male,,0,0,PC34837,5.3386,nan,S
576,1,3,"Miss, Passenger_575",female,75.2,0,0,PC32778,5.7268,nan,S
577,0,1,"Rev, Passenger_576",male,45.0,0,2,PC53130,67.6315,nan,S
578,1,3,"Miss, Passenger_577",female,32.9,0,0,PC26708,6.63,nan,C
579,0,3,"Mrs, Passenger_578",female,28.9,0,0,PC34232,5.0,B,C
580,0,2,"Mr, Passenger_579",male,33.8,0,0,PC67266,33.6343,G,S
581,0,3,"Miss, Passenger_580",female,37.3,1,1,PC49412,8.8816,nan,C
582,0,3,"Miss, Passenger_581",female,,0,0,PC14782,5.0004,nan,S
583,0,3,"Mr, Passenger_582",male,,0,0,PC71196,5.0742,F,S
584,0,2,"Mr, Passenger_583",male,31.0,0,0,PC36315,16.6447,D,S
585,1,3,"Miss, Passenger_584",female,,0,0,PC20052,5.8692,nan,S
586,0,2,"Mrs, Passenger_585",female,27.5,0,1,PC29521,31.8935,nan,S
587,1,1,"Mrs, Passenger_586",female,26.9,0,0,PC79434,23.4337,nan,S
588,1,1,"Miss, Passenger_587",female,46.1,1,0,PC92755,160.5495,nan,S
589,0,1,"Mr, Passenger_588",male,38.3,0,0,PC79690,47.0697,nan,Q
590,1,1,"Mrs, Passenger_589",female,0.2,2,0,PC45546,27.4483,nan,S
591,1,1,"Mr, Passenger_590",male,39.2,0,2,PC89345,59.2768,nan,S
592,0,3,"Mr, Passenger_591",male,32.5,0,0,PC35972,5.0,nan,S
593,0,1,"Mr, Passenger_592",male,,0,3,PC88059,19.6381,D,S
594,0,2,"Mr, Passenger_593",male,24.1,0,0,PC74385,10.8332,F,S
595,0,3,"Mr, Passenger_594",male,46.0,0,0,PC32030,21.4379,nan,C
596,0,3,"Mr, Passenger_595",male,43.4,0,1,PC50376,5.0,F,S
597,0,3,"Miss, Passenger_596",female,18.5,0,0,PC95641,9.9513,nan,S
598,0,1,"Mr, Passenger_597",male,,2,0,PC99831,50.404,E,S
599,0,1,"Mr, Passenger_598",male,15.6,1,3,PC87400,39.5823,nan,S
600,0,1,"Master, Passenger_599",male,9.7,0,0,PC88412,61.9621,nan,S
601,0,1,"Mr, Passenger_600",male,20.6,0,0,PC28055,102.4068,nan,S
602,0,2,"Mr, Passenger_601",male,42.2,0,0,PC97508,12.5396,nan,S
603,0,1,"Mr, Passenger_602",male,43.5,0,0,PC35493,57.2821,E,S
604,1,1,"Mr, Passenger_603",male,,0,0,PC84861,69.4675,nan,S
605,1,1,"Mrs, Passenger_604",female,40.2,0,0,PC46775,43.6978,nan,Q
606,0,3,"Mr, Passenger_605",male,,0,0,PC61057,16.6836,nan,S
607,0,1,"Mr, Passenger_606",male,20.4,0,1,PC95909,15.4861,nan,C
608,0,2,"Mr, Passenger_607",male,36.0,4,0,PC46253,15.7505,nan,C
609,0,3,"Miss, Passenger_608",female,41.3,1,0,PC96717,13.5216,nan,S
610,0,3,"Mr, Passenger_609",male,40.6,2,0,PC61884,7.9076,nan,S
611,1,1,"Mr, Passenger_610",male,,0,0,PC86497,251.9207,D,S
612,0,3,"Mr, Passenger_611",male,40.0,0,0,PC27705,6.6771,D,S
613,0,3,"Mr, Passenger_612",male,,0,1,PC54676,9.0331,nan,S
614,0,1,"Mr, Passenger_613",male,45.2,0,0,PC89045,121.4759,nan,C
615,0,3,"Rev, Passenger_614",male,29.3,0,1,PC17101,7.0278,nan,Q
616,0,3,"Mr, Passenger_615",male,16.9,0,2,PC72495,6.9723,nan,S
617,0,1,"Mr, Passenger_616",male,27.3,0,0,PC14743,49.4999,nan,S
618,1,2,"Mr, Passenger_617",male,,0,0,PC18951,21.6525,G,S
619,1,3,"Miss, Passenger_618",female,,0,0,PC17014,8.2498,nan,C
620,1,3,"Mrs, Passenger_619",female,,0,0,PC46180,21.3884,B,S
621,1,1,"Miss, Passenger_620",female,18.2,0,1,PC66977,17.5761,D,S
622,1,1,"Miss, Passenger_621",female,25.2,0,2,PC69534,49.2194,C,S
623,0,2,"Mr, Passenger_622",male,2.2,0,0,PC73209,12.2991,A,S
624,0,3,"Mr, Passenger_623",male,32.8,0,0,PC51908,6.4645,nan,Q
625,0,3,"Mr, Passenger_624",male,29.7,2,2,PC60918,5.0,nan,S
626,0,2,"Mrs, Passenger_625",female,17.9,0,2,PC18219,20.0718,nan,S
627,0,3,"Miss, Passenger_626",female,39.3,1,0,PC17163,6.1239,nan,Q
628,0,3,"Mr, Passenger_627",male,43.3,0,0,PC12470,6.0486,nan,S
629,1,1,"Miss, Passenger_628",female,6.4,0,0,PC26543,56.7462,nan,S
630,0,2,"Mr, Passenger_629",male,,0,2,PC29276,18.3549,nan,S
631,0,3,"Miss, Passenger_630",female,18.5,0,0,PC46881,30.0367,E,S
632,0,3,"Master, Passenger_631",male,16.1,0,0,PC88950,10.0604,G,S
633,0,3,"Mr, Passenger_632",male,41.7,1,0,PC17749,7.1536,nan,S
634,0,3,"Mr, Passenger_633",male,,0,0,PC34182,5.0098,nan,S
635,1,1,"Mr, Passenger_634",male,25.9,0,0,PC87450,58.3633,nan,S
636,0,2,"Mr, Passenger_635",male,0.6,0,5,PC90543,8.848,nan,C
637,1,3,"Mr, Passenger_636",male,,2,0,PC31383,7.9751,F,C
638,1,2,"Mrs, Passenger_637",female,11.7,0,0,PC88578,35.9516,nan,S
639,1,2,"Mr, Passenger_638",male,30.6,0,0,PC35412,15.8567,nan,S
640,0,2,"Mr, Passenger_639",male,,0,0,PC23181,23.9513,C,S
641,0,1,"Mr, Passenger_640",male,,1,0,PC54898,71.4683,B,S
642,1,2,"Ms, Passenger_641",female,10.7,4,0,PC69630,24.1162,nan,C
643,1,1,"Mr, Passenger_642",male,0.2,0,0,PC13405,33.2879,nan,S
644,0,2,"Mr, Passenger_643",male,32.4,1,0,PC20862,14.806,nan,S
645,0,1,"Mr, Passenger_644",male,55.8,1,0,PC64679,23.9036,nan,S
646,0,3,"Mr, Passenger_645",male,,0,0,PC38688,14.9988,nan,S
647,0,3,"Miss, Passenger_646",female,32.7,0,2,PC58017,7.3766,nan,S
648,0,3,"Mr, Passenger_647",male,22.6,0,2,PC22939,5.0,nan,S
649,0,3,"Mr, Passenger_648",male,,3,0,PC49585,5.0,nan,Q
650,1,3,"Mrs, Passenger_649",female,15.6,0,0,PC32942,16.9527,nan,C
651,0,1,"Mr, Passenger_650",male,36.6,1,2,PC15272,33.6671,nan,S
652,0,3,"Mr, Passenger_651",male,37.0,0,0,PC54134,9.4309,nan,S
653,0,3,"Dr, Passenger_652",male,,1,1,PC34265,7.2417,nan,Q
654,1,3,"Miss, Passenger_653",female,69.7,0,2,PC58192,6.9275,C,S
655,0,2,"Mr, Passenger_654",male,35.4,0,0,PC38668,13.5811,nan,S
656,1,1,"Mrs, Passenger_655",female,22.3,1,0,PC91560,58.1456,C,S
657,0,2,"Mr, Passenger_656",male,,1,2,PC79283,25.0572,nan,C
658,0,2,"Mr, Passenger_657",male,4.0,1,0,PC19297,13.8096,nan,S
659,0,3,"Mr, Passenger_658",male,19.6,0,0,PC74005,7.7255,nan,S
660,0,3,"Mrs, Passenger_659",female,23.8,1,0,PC68434,12.2428,nan,C
661,0,2,"Mr, Passenger_660",male,22.1,0,0,PC74749,22.2624,nan,C
662,1,3,"Miss, Passenger_661",female,31.9,0,0,PC11607,13.4296,nan,Q
663,1,3,"Miss, Passenger_662",female,17.8,0,0,PC69183,17.7178,nan,S
664,0,1,"Mr, Passenger_663",male,46.0,0,4,PC96994,33.5512,nan,S
665,1,1,"Mr, Passenger_664",male,29.7,0,0,PC66305,24.9439,nan,C
666,1,1,"Mr, Passenger_665",male,29.6,5,0,PC37973,71.8834,nan,C
667,1,2,"Mr, Passenger_666",male,24.9,0,0,PC33117,12.0889,nan,S
668,1,1,"Mrs, Passenger_667",female,32.0,0,0,PC91986,103.3896,nan,S
669,1,1,"Miss, Passenger_668",female,41.7,0,0,PC91071,63.0586,nan,C
670,0,2,"Mr, Passenger_669",male,17.1,0,2,PC17645,22.6381,nan,S
671,0,1,"Mr, Passenger_670",male,,0,1,PC52238,21.4052,nan,S
672,1,3,"Miss, Passenger_671",female,25.3,2,0,PC79694,5.0,nan,S
673,1,1,"Master, Passenger_672",male,10.2,1,0,PC51773,59.4438,E,S
674,1,3,"Mrs, Passenger_673",female,17.8,1,0,PC26786,13.8405,nan,S
675,0,2,"Mr, Passenger_674",male,22.8,4,0,PC50693,15.0594,nan,S
676,1,3,"Mrs, Passenger_675",female,42.4,0,0,PC36578,17.4073,nan,S
677,1,1,"Mr, Passenger_676",male,33.5,0,0,PC56408,26.7895,nan,S
678,1,2,"Mr, Passenger_677",male,32.5,0,3,PC79702,18.4307,nan,S
679,0,3,"Mr, Passenger_678",male,42.0,0,0,PC94845,8.1109,nan,S
680,0,3,"Mr, Passenger_679",male,27.7,0,0,PC25076,5.0,nan,C
681,0,3,"Mr, Passenger_680",male,35.4,0,1,PC29377,5.1331,nan,S
682,1,2,"Miss, Passenger_681",female,28.2,0,0,PC19278,15.3901,nan,S
683,0,1,"Miss, Passenger_682",female,,0,0,PC74808,41.2997,nan,C
684,0,3,"Mr, Passenger_683",male,,0,0,PC43539,10.8211,nan,S
685,0,3,"Mr, Passenger_684",male,0.2,0,0,PC21440,5.0,nan,Q
686,0,3,"Mr, Passenger_685",male,,0,1,PC36245,7.5443,nan,C
687,0,3,"Mr, Passenger_686",male,50.3,0,0,PC32097,5.0,nan,S
688,1,2,"Mr, Passenger_687",male,43.1,0,1,PC83703,14.0286,nan,Q
689,0,3,"Mr, Passenger_688",male,43.7,1,0,PC77092,6.7405,nan,S
690,0,1,"Mr, Passenger_689",male,47.6,0,0,PC11151,19.6278,nan,S
691,1,2,"Mr, Passenger_690",male,31.0,0,1,PC31698,17.7058,D,S
692,1,2,"Mr, Passenger_691",male,32.6,1,0,PC27601,22.3588,nan,S
693,0,3,"Mr, Passenger_692",male,20.7,0,0,PC36807,18.9513,nan,Q
694,1,2,"Mrs, Passenger_693",female,25.1,0,0,PC55302,19.679,nan,S
695,1,1,"Mr, Passenger_694",male,,1,0,PC95864,73.5267,nan,S
696,1,3,"Mrs, Passenger_695",female,47.2,0,0,PC18039,5.0,nan,S
697,0,2,"Mr, Passenger_696",male,,1,0,PC57427,16.3404,G,S
698,0,3,"Mr, Passenger_697",male,23.2,1,0,PC81839,6.8144,nan,S
699,1,1,"Mrs, Passenger_698",female,29.7,0,0,PC68049,55.6609,nan,S
700,1,3,"Miss, Passenger_699",female,,0,2,PC29053,16.3563,nan,C
701,1,3,"Dr, Passenger_700",female,8.8,0,0,PC96298,12.5991,D,S
702,0,1,"Mr, Passenger_701",male,0.2,0,1,PC99147,81.9954,nan,C
703,0,2,"Mr, Passenger_702",male,21.7,0,0,PC65413,18.263,nan,S
704,1,1,"Miss, Passenger_703",female,12.0,0,0,PC75958,50.0307,nan,C
705,0,1,"Mr, Passenger_704",male,22.3,0,1,PC41275,238.2282,nan,S
706,0,3,"Mr, Passenger_705",male,,0,0,PC36597,5.3676,nan,S
707,0,2,"Mr, Passenger_706",male,23.1,0,0,PC87521,29.9289,nan,S
708,0,3,"Mr, Passenger_707",male,50.8,0,0,PC78908,11.0032,nan,C
709,0,2,"Miss, Passenger_708",female,34.4,0,0,PC91619,12.7823,nan,S
710,0,3,"Mr, Passenger_709",male,,1,0,PC65188,5.9106,nan,Q
711,0,3,"Mr, Passenger_710",male,38.7,0,0,PC44710,12.231,nan,S
712,0,3,"Mr, Passenger_711",male,13.2,0,1,PC85486,6.1858,nan,S
713,0,3,"Mr, Passenger_712",male,44.8,2,0,PC59050,8.5763,F,S
714,0,2,"Mr, Passenger_713",male,,0,2,PC59249,11.4745,nan,Q
715,0,2,"Mr, Passenger_714",male,39.4,0,2,PC44247,18.1787,F,S
716,0,3,"Mr, Passenger_715",male,14.2,0,0,PC80162,5.0,B,C
717,0,3,"Mrs, Passenger_716",female,7.2,0,0,PC36408,5.332,nan,C
718,0,3,"Mr, Passenger_717",male,41.6,0,2,PC86313,14.8374,nan,S
719,0,1,"Mr, Passenger_718",male,35.2,0,2,PC80683,75.4376,nan,S
720,0,3,"Miss, Passenger_719",female,16.6,0,0,PC15443,8.4618,nan,C
721,0,3,"Miss, Passenger_720",female,,1,0,PC10079,6.9968,nan,S
722,0,1,"Mr, Passenger_721",male,46.0,0,0,PC48345,68.2791,nan,C
723,0,1,"Mr, Passenger_722",male,12.5,0,0,PC22901,80.4805,nan,S
724,0,3,"Mr, Passenger_723",male,53.5,1,0,PC77759,10.5153,nan,S
725,1,3,"Miss, Passenger_724",female,16.6,0,0,PC52732,6.2612,nan,C
726,0,3,"Miss, Passenger_725",female,,1,0,PC89304,5.7613,B,S
727,1,1,"Miss, Passenger_726",female,24.9,0,0,PC27507,20.6532,nan,S
728,0,3,"Mr, Passenger_727",male,38.4,1,0,PC91785,7.4805,G,S
729,1,1,"Mrs, Passenger_728",female,,0,0,PC45391,68.3104,nan,S
730,0,1,"Mr, Passenger_729",male,27.3,1,0,PC44171,74.6203,B,S
731,0,1,"Mr, Passenger_730",male,30.3,1,0,PC61730,173.0348,nan,C
732,0,3,"Mr, Passenger_731",male,,0,0,PC17485,6.0266,nan,S
733,0,3,"Mrs, Passenger_732",female,40.4,0,0,PC47748,7.4203,nan,S
734,0,3,"Mr, Passenger_733",male,22.3,0,0,PC13878,19.1544,nan,S
735,1,2,"Miss, Passenger_734",female,26.4,0,2,PC11949,16.4503,D,S
736,1,3,"Mr, Passenger_735",male,15.3,0,0,PC95380,9.7904,nan,S
737,0,2,"Mr, Passenger_736",male,0.2,0,0,PC30881,14.5409,F,Q
738,0,3,"Mr, Passenger_737",male,26.9,0,0,PC61306,5.0,nan,C
739,0,2,"Mr, Passenger_738",male,64.7,0,3,PC97150,13.2244,nan,S
740,1,2,"Mrs, Passenger_739",female,,0,0,PC99364,40.9999,G,S
741,0,3,"Mr, Passenger_740",male,29.4,0,0,PC19958,7.0124,nan,S
742,0,2,"Mrs, Passenger_741",female,25.9,0,0,PC69185,14.1039,nan,S
743,1,3,"Miss, Passenger_742",female,30.0,0,0,PC18697,6.2593,A,S
744,0,3,"Miss, Passenger_743",female,37.6,0,0,PC97160,35.1968,D,S
745,1,1,"Mr, Passenger_744",male,12.6,0,0,PC25493,15.078,C,S
746,0,3,"Mr, Passenger_745",male,45.9,0,0,PC52801,15.6562,F,S
747,0,2,"Mr, Passenger_746",male,40.1,0,0,PC31199,27.7902,nan,S
748,1,3,"Miss, Passenger_747",female,,0,0,PC75792,5.0,G,Q
749,0,3,"Mrs, Passenger_748",female,,1,0,PC44488,10.9954,nan,S
750,0,3,"Mr, Passenger_749",male,30.0,0,1,PC40493,15.4323,E,S
751,1,1,"Miss, Passenger_750",female,39.5,0,0,PC59002,44.8904,nan,S
752,0,3,"Mr, Passenger_751",male,38.3,0,1,PC33731,14.624,nan,S
753,0,3,"Rev, Passenger_752",male,24.6,1,0,PC17076,12.8349,nan,S
754,0,2,"Mr, Passenger_753",male,21.4,2,0,PC11071,11.0565,nan,S
755,1,1,"Mrs, Passenger_754",female,31.2,0,0,PC77602,33.6155,nan,S
756,0,3,"Mr, Passenger_755",male,52.2,0,2,PC51410,5.2132,C,S
757,0,3,"Miss, Passenger_756",female,,1,0,PC64327,7.5322,G,C
758,0,3,"Miss, Passenger_757",female,,0,0,PC71072,18.5003,nan,S
759,1,3,"Miss, Passenger_758",female,32.1,0,0,PC51041,5.0,C,S
760,0,3,"Mr, Passenger_759",male,30.4,0,0,PC63326,5.0,nan,S
761,0,1,"Mr, Passenger_760",male,32.2,0,0,PC48549,42.8624,nan,S
762,0,2,"Mr, Passenger_761",male,,2,0,PC63096,14.7829,nan,S
763,0,2,"Rev, Passenger_762",male,,5,0,PC65578,18.0687,E,S
764,0,3,"Master, Passenger_763",male,51.3,1,0,PC56390,14.4784,nan,S
765,1,1,"Mrs, Passenger_764",female,6.5,0,0,PC56052,18.9965,nan,C
766,0,3,"Mr, Passenger_765",male,,1,0,PC53167,5.0,nan,S
767,0,3,"Mr, Passenger_766",male,28.2,0,0,PC64587,25.0843,nan,S
768,0,3,"Mr, Passenger_767",male,,0,0,PC71292,5.4815,nan,S
769,1,2,"Mr, Passenger_768",male,27.2,1,0,PC85419,45.8643,nan,Q
770,0,3,"Mr, Passenger_769",male,53.8,0,0,PC52139,15.6718,nan,S
771,0,1,"Mr, Passenger_770",male,,0,2,PC97753,50.8775,nan,S
772,0,3,"Mrs, Passenger_771",female,33.0,0,2,PC20707,8.7435,B,S
773,1,1,"Mr, Passenger_772",male,11.4,1,1,PC23140,77.1557,nan,S
774,1,2,"Mrs, Passenger_773",female,20.8,0,0,PC21093,39.1305,nan,S
775,1,3,"Mrs, Passenger_774",female,24.3,0,0,PC92036,7.639,nan,S
776,0,1,"Mr, Passenger_775",male,,0,0,PC82043,162.3486,G,Q
777,1,1,"Mrs, Passenger_776",female,48.3,1,0,PC15830,33.5809,nan,Q
778,1,3,"Mr, Passenger_777",male,37.8,1,0,PC40608,13.1957,E,S
779,0,3,"Mrs, Passenger_778",female,13.6,0,1,PC57287,5.9313,nan,S
780,0,3,"Mr, Passenger_779",male,33.3,0,1,PC43427,17.9239,nan,Q
781,1,3,"Mrs, Passenger_780",female,36.9,0,1,PC94042,9.6893,nan,S
782,0,3,"Miss, Passenger_781",female,46.2,3,0,PC38395,6.4466,nan,S
783,1,2,"Miss, Passenger_782",female,,0,0,PC27970,8.2727,nan,S
784,1,2,"Miss, Passenger_783",female,,2,0,PC80218,12.5878,nan,S
785,1,1,"Mr, Passenger_784",male,17.9,0,0,PC86475,23.3283,G,S
786,0,3,"Mr, Passenger_785",male,11.5,1,0,PC84362,5.3933,D,S
787,0,3,"Mr, Passenger_786",male,26.3,1,0,PC33371,7.0851,nan,S
788,1,2,"Mr, Passenger_787",male,36.5,1,0,PC99895,22.8652,nan,S
789,0,3,"Mrs, Passenger_788",female,44.0,2,0,PC29266,8.8407,nan,S
790,0,3,"Mr, Passenger_789",male,,0,0,PC29195,13.1296,nan,S
791,1,1,"Mrs, Passenger_790",female,25.1,0,1,PC37315,52.1673,nan,C
792,0,3,"Mr, Passenger_791",male,31.9,0,0,PC93804,10.6671,E,S
793,1,3,"Mrs, Passenger_792",female,17.6,1,1,PC85246,7.8069,G,S
794,0,3,"Mr, Passenger_793",male,60.0,0,0,PC51581,5.9343,nan,Q
795,1,1,"Miss, Passenger_794",female,6.4,0,0,PC55537,23.007,F,Q
796,0,3,"Miss, Passenger_795",female,32.4,0,0,PC89697,8.107,nan,S
797,0,3,"Mr, Passenger_796",male,59.0,0,0,PC85265,5.0,nan,S
798,0,3,"Dr, Passenger_797",male,29.8,0,3,PC32184,6.3557,nan,C
799,0,3,"Miss, Passenger_798",female,26.9,0,0,PC33279,5.8246,nan,C
800,0,3,"Dr, Passenger_799",male,24.5,1,0,PC36570,11.7799,nan,Q
801,0,3,"Mr, Passenger_800",male,27.1,0,0,PC53030,6.033,nan,C
802,1,1,"Mr, Passenger_801",male,49.6,0,2,PC72245,63.4877,nan,S
803,0,3,"Mr, Passenger_802",male,0.2,0,0,PC65467,19.5141,nan,S
804,0,3,"Mr, Passenger_803",male,51.9,0,0,PC45133,14.8378,E,S
805,0,2,"Mr, Passenger_804",male,,1,0,PC88731,18.5398,nan,S
806,0,3,"Mr, Passenger_805",male,25.8,1,0,PC53805,7.0291,nan,S
807,0,3,"Mr, Passenger_806",male,23.5,0,0,PC53998,11.8404,nan,S
808,1,3,"Miss, Passenger_807",female,38.2,1,0,PC27238,8.0289,nan,S
809,1,3,"Mr, Passenger_808",male,6.5,1,0,PC91088,8.1821,nan,C
810,0,1,"Mrs, Passenger_809",female,36.4,1,1,PC78264,214.8507,F,S
811,0,3,"Mr, Passenger_810",male,59.1,0,0,PC58245,6.696,nan,S
812,0,3,"Mr, Passenger_811",male,,2,0,PC33557,19.0392,F,S
813,0,1,"Mr, Passenger_812",male,32.5,0,0,PC80474,62.7595,nan,S
814,0,3,"Master, Passenger_813",male,20.1,0,0,PC75667,12.2948,nan,C
815,0,3,"Mr, Passenger_814",male,35.9,0,0,PC95513,18.6865,B,S
816,0,3,"Mr, Passenger_815",male,30.0,0,0,PC75074,15.1171,B,Q
817,0,3,"Mr, Passenger_816",male,20.4,0,0,PC68204,5.0,F,S
818,1,2,"Mr, Passenger_817",male,,0,0,PC35575,26.5244,nan,S
819,1,1,"Miss, Passenger_818",female,55.9,0,0,PC90263,17.968,G,S
820,0,2,"Mr, Passenger_819",male,26.9,1,0,PC86024,11.9183,D,S
821,0,3,"Mr, Passenger_820",male,,1,0,PC30069,5.1725,E,C
822,1,1,"Miss, Passenger_821",female,,0,0,PC34400,160.2281,nan,S
823,0,2,"Mr, Passenger_822",male,,1,0,PC34146,14.3685,nan,C
824,0,2,"Mr, Passenger_823",male,36.5,1,2,PC16846,8.6473,F,S
825,1,3,"Mrs, Passenger_824",female,,1,1,PC50352,7.7691,nan,C
826,0,3,"Mr, Passenger_825",male,34.9,0,0,PC33694,19.8447,nan,S
827,1,2,"Mrs, Passenger_826",female,25.2,1,0,PC31740,9.154,nan,C
828,1,2,"Mrs, Passenger_827",female,29.7,2,1,PC59438,11.1066,nan,S
829,0,3,"Mr, Passenger_828",male,11.6,1,1,PC40996,5.8194,nan,S
830,0,3,"Mr, Passenger_829",male,38.5,0,1,PC73874,10.6585,nan,S
831,0,1,"Mr, Passenger_830",male,42.5,0,0,PC69682,88.4372,G,Q
832,0,3,"Mr, Passenger_831",male,23.1,0,0,PC54200,7.9752,nan,S
833,0,1,"Mr, Passenger_832",male,22.9,0,1,PC32970,38.1969,nan,S
834,1,1,"Miss, Passenger_833",female,33.6,0,0,PC20895,71.6678,nan,C
835,0,3,"Mr, Passenger_834",male,23.4,0,0,PC48071,12.601,nan,S
836,0,2,"Mr, Passenger_835",male,28.7,1,0,PC62268,15.8158,nan,S
837,0,3,"Ms, Passenger_836",female,60.1,1,0,PC32258,16.2682,nan,S
838,1,2,"Mrs, Passenger_837",female,,0,0,PC98890,19.987,nan,S
839,0,3,"Mr, Passenger_838",male,,2,0,PC67300,5.0,F,Q
840,0,3,"Mr, Passenger_839",male,20.3,0,0,PC71915,8.2811,nan,C
841,1,1,"Mr, Passenger_840",male,40.5,0,0,PC18444,317.9993,nan,S
842,0,3,"Mr, Passenger_841",male,27.1,1,0,PC85147,9.8023,nan,Q
843,1,1,"Mr, Passenger_842",male,20.3,1,0,PC86064,114.4321,nan,S
844,0,3,"Mr, Passenger_843",male,48.9,2,0,PC76535,20.4627,F,S
845,1,1,"Miss, Passenger_844",female,50.3,0,0,PC13760,22.6214,C,S
846,0,2,"Mr, Passenger_845",male,21.0,1,1,PC46884,12.5452,nan,S
847,0,1,"Mr, Passenger_846",male,2.6,0,0,PC97477,119.5246,nan,S
848,0,3,"Mr, Passenger_847",male,44.3,1,0,PC36022,10.8735,nan,Q
849,0,3,"Mr, Passenger_848",male,19.8,1,0,PC64504,9.8085,nan,C
850,1,3,"Miss, Passenger_849",female,,0,1,PC53130,19.5186,F,S
851,1,1,"Miss, Passenger_850",female,,0,0,PC53881,23.4219,nan,S
852,0,3,"Mrs, Passenger_851",female,42.6,1,0,PC72399,7.3737,nan,S
853,0,1,"Mr, Passenger_852",male,12.1,0,0,PC46451,67.8819,nan,Q
854,0,3,"Mr, Passenger_853",male,40.3,0,0,PC61413,9.5721,nan,C
855,0,1,"Mr, Passenger_854",male,,1,1,PC72278,117.5326,nan,S
856,0,1,"Mr, Passenger_855",male,15.9,0,1,PC39639,96.7012,nan,C
857,0,1,"Mr, Passenger_856",male,23.8,1,0,PC44621,121.5952,E,S
858,1,3,"Mrs, Passenger_857",female,39.7,0,0,PC23079,10.0242,nan,S
859,0,3,"Mr, Passenger_858",male,31.2,0,0,PC16895,12.2752,nan,S
860,1,1,"Mr, Passenger_859",male,38.2,1,0,PC62142,48.8153,nan,S
861,0,3,"Mr, Passenger_860",male,58.4,0,0,PC22552,8.4125,A,S
862,0,3,"Mr, Passenger_861",male,7.0,0,0,PC58821,6.5823,nan,S
863,0,3,"Mr, Passenger_862",male,,1,0,PC43630,12.1791,E,S
864,0,2,"Mrs, Passenger_863",female,,0,0,PC80063,10.0713,B,C
865,1,2,"Mrs, Passenger_864",female,16.7,0,2,PC22247,20.2658,F,S
866,0,3,"Miss, Passenger_865",female,10.4,0,0,PC27603,18.3479,nan,S
867,0,1,"Mr, Passenger_866",male,27.0,1,1,PC55564,72.8302,nan,S
868,0,1,"Mr, Passenger_867",male,43.1,1,0,PC10527,120.9996,nan,Q
869,0,3,"Mr, Passenger_868",male,27.9,1,0,PC66521,18.1009,nan,S
870,0,3,"Mr, Passenger_869",male,51.6,0,0,PC78458,9.1243,nan,S
871,1,2,"Miss, Passenger_870",female,8.7,1,0,PC15849,14.4352,nan,S
872,0,2,"Mr, Passenger_871",male,29.5,0,0,PC60314,42.0373,B,C
873,0,3,"Mr, Passenger_872",male,11.5,1,0,PC55724,6.2813,nan,Q
874,0,2,"Mr, Passenger_873",male,35.0,0,4,PC27230,22.258,nan,S
875,0,1,"Mr, Passenger_874",male,42.6,1,0,PC82495,14.7669,nan,S
876,1,1,"Miss, Passenger_875",female,23.6,1,0,PC52730,91.1847,nan,C
877,0,3,"Dr, Passenger_876",male,,0,2,PC95203,28.7552,nan,S
878,0,3,"Mr, Passenger_877",male,32.6,0,0,PC13323,5.0,nan,S
879,0,1,"Mr, Passenger_878",male,36.0,1,0,PC10445,103.1476,nan,S
880,0,1,"Mr, Passenger_879",male,,0,0,PC92945,78.8778,nan,S
881,1,1,"Mrs, Passenger_880",female,47.6,2,1,PC19963,93.7299,F,S
882,0,3,"Miss, Passenger_881",female,14.2,0,2,PC60511,5.4033,nan,S
883,1,1,"Miss, Passenger_882",female,,0,2,PC25437,207.7384,G,S
884,1,1,"Miss, Passenger_883",female,47.0,0,0,PC26855,268.7978,nan,Q
885,0,3,"Mr, Passenger_884",male,3.9,0,1,PC91947,8.8895,nan,S
886,1,1,"Miss, Passenger_885",female,,2,0,PC20847,203.0155,nan,C
887,0,3,"Mr, Passenger_886",male,22.4,0,0,PC13236,5.0,nan,S
888,1,1,"Mr, Passenger_887",male,28.5,1,0,PC71897,38.1689,nan,S
889,1,1,"Mrs, Passenger_888",female,,0,0,PC23487,68.6243,nan,S
890,0,2,"Mr, Passenger_889",male,22.6,0,3,PC87384,10.4759,nan,Q
891,1,3,"Mrs, Passenger_890",female,19.9,0,2,PC72423,8.1484,nan,C
